Ref,Val,Package,PosX,PosY,Rot,Side
"SW1","SW_Push","SW_Cherry_MX_1.00u_PCB",25.990000,-38.580000,180.000000,top
"SW2","SW_Push","SW_Cherry_MX_1.00u_PCB",45.040000,-38.580000,180.000000,top
"SW3","SW_Push","SW_Cherry_MX_1.00u_PCB",64.090000,-38.580000,180.000000,top
"SW4","SW_Push","SW_Cherry_MX_1.00u_PCB",83.140000,-38.580000,180.000000,top
"SW5","SW_Push","SW_Cherry_MX_1.00u_PCB",102.190000,-38.580000,180.000000,top
"SW6","SW_Push","SW_Cherry_MX_1.00u_PCB",121.240000,-38.580000,180.000000,top
"SW7","SW_Push","SW_Cherry_MX_1.00u_PCB",140.290000,-38.580000,180.000000,top
"SW8","SW_Push","SW_Cherry_MX_1.00u_PCB",159.340000,-38.580000,180.000000,top
"SW9","SW_Push","SW_Cherry_MX_1.00u_PCB",178.390000,-38.580000,180.000000,top
"SW10","SW_Push","SW_Cherry_MX_1.00u_PCB",197.440000,-38.580000,180.000000,top
"SW11","SW_Push","SW_Cherry_MX_1.00u_PCB",216.490000,-38.580000,180.000000,top
"SW12","SW_Push","SW_Cherry_MX_1.00u_PCB",235.540000,-38.580000,180.000000,top
"SW13","SW_Push","SW_Cherry_MX_1.00u_PCB",254.590000,-38.580000,180.000000,top
"SW14","SW_Push","SW_Cherry_MX_1.00u_PCB",273.640000,-38.580000,180.000000,top
"SW15","SW_Push","SW_Cherry_MX_1.00u_PCB",292.690000,-38.580000,180.000000,top
"SW16","SW_Push","SW_Cherry_MX_1.00u_PCB",311.740000,-38.580000,180.000000,top
"SW17","SW_Push","SW_Cherry_MX_1.00u_PCB",25.990000,-57.630000,180.000000,top
"SW18","SW_Push","SW_Cherry_MX_1.00u_PCB",45.040000,-57.630000,180.000000,top
"SW19","SW_Push","SW_Cherry_MX_1.00u_PCB",64.090000,-57.630000,180.000000,top
"SW20","SW_Push","SW_Cherry_MX_1.00u_PCB",83.140000,-57.630000,180.000000,top
"SW21","SW_Push","SW_Cherry_MX_1.00u_PCB",102.190000,-57.630000,180.000000,top
"SW22","SW_Push","SW_Cherry_MX_1.00u_PCB",121.240000,-57.630000,180.000000,top
"SW23","SW_Push","SW_Cherry_MX_1.00u_PCB",140.290000,-57.630000,180.000000,top
"SW24","SW_Push","SW_Cherry_MX_1.00u_PCB",159.340000,-57.630000,180.000000,top
"SW25","SW_Push","SW_Cherry_MX_1.00u_PCB",178.390000,-57.630000,180.000000,top
"SW26","SW_Push","SW_Cherry_MX_1.00u_PCB",197.440000,-57.630000,180.000000,top
"SW27","SW_Push","SW_Cherry_MX_1.00u_PCB",216.490000,-57.630000,180.000000,top
"SW28","SW_Push","SW_Cherry_MX_1.00u_PCB",235.540000,-57.630000,180.000000,top
"SW29","SW_Push","SW_Cherry_MX_1.00u_PCB",254.590000,-57.630000,180.000000,top
"SW30","SW_Push","SW_Cherry_MX_1.00u_PCB",283.165000,-57.630000,180.000000,top
"SW31","SW_Push","SW_Cherry_MX_1.00u_PCB",311.740000,-57.630000,180.000000,top
"SW32","SW_Push","SW_Cherry_MX_1.00u_PCB",30.752500,-76.680000,180.000000,top
"SW33","SW_Push","SW_Cherry_MX_1.00u_PCB",54.565000,-76.680000,180.000000,top
"SW34","SW_Push","SW_Cherry_MX_1.00u_PCB",73.615000,-76.680000,180.000000,top
"SW35","SW_Push","SW_Cherry_MX_1.00u_PCB",92.665000,-76.680000,180.000000,top
"SW36","SW_Push","SW_Cherry_MX_1.00u_PCB",111.715000,-76.680000,180.000000,top
"SW37","SW_Push","SW_Cherry_MX_1.00u_PCB",130.765000,-76.680000,180.000000,top
"SW38","SW_Push","SW_Cherry_MX_1.00u_PCB",149.815000,-76.680000,180.000000,top
"SW39","SW_Push","SW_Cherry_MX_1.00u_PCB",168.865000,-76.680000,180.000000,top
"SW40","SW_Push","SW_Cherry_MX_1.00u_PCB",187.915000,-76.680000,180.000000,top
"SW41","SW_Push","SW_Cherry_MX_1.00u_PCB",206.965000,-76.680000,180.000000,top
"SW42","SW_Push","SW_Cherry_MX_1.00u_PCB",226.015000,-76.680000,180.000000,top
"SW43","SW_Push","SW_Cherry_MX_1.00u_PCB",245.065000,-76.680000,180.000000,top
"SW44","SW_Push","SW_Cherry_MX_1.00u_PCB",264.115000,-76.680000,180.000000,top
"SW45","SW_Push","SW_Cherry_MX_1.00u_PCB",287.927500,-76.680000,180.000000,top
"SW46","SW_Push","SW_Cherry_MX_1.00u_PCB",311.740000,-76.680000,180.000000,top
"SW47","SW_Push","SW_Cherry_MX_1.00u_PCB",33.133800,-95.730000,180.000000,top
"SW48","SW_Push","SW_Cherry_MX_1.00u_PCB",59.327500,-95.730000,180.000000,top
"SW49","SW_Push","SW_Cherry_MX_1.00u_PCB",78.377500,-95.730000,180.000000,top
"SW50","SW_Push","SW_Cherry_MX_1.00u_PCB",97.427500,-95.730000,180.000000,top
"SW51","SW_Push","SW_Cherry_MX_1.00u_PCB",116.477500,-95.730000,180.000000,top
"SW52","SW_Push","SW_Cherry_MX_1.00u_PCB",135.527500,-95.730000,180.000000,top
"SW53","SW_Push","SW_Cherry_MX_1.00u_PCB",154.577500,-95.730000,180.000000,top
"SW54","SW_Push","SW_Cherry_MX_1.00u_PCB",173.627500,-95.730000,180.000000,top
"SW55","SW_Push","SW_Cherry_MX_1.00u_PCB",192.677500,-95.730000,180.000000,top
"SW56","SW_Push","SW_Cherry_MX_1.00u_PCB",211.727500,-95.730000,180.000000,top
"SW57","SW_Push","SW_Cherry_MX_1.00u_PCB",230.777500,-95.730000,180.000000,top
"SW58","SW_Push","SW_Cherry_MX_1.00u_PCB",249.827500,-95.730000,180.000000,top
"SW59","SW_Push","SW_Cherry_MX_1.00u_PCB",280.783800,-95.730000,180.000000,top
"SW60","SW_Push","SW_Cherry_MX_1.00u_PCB",311.740000,-95.730000,180.000000,top
"SW61","SW_Push","SW_Cherry_MX_1.00u_PCB",37.896300,-114.780000,180.000000,top
"SW62","SW_Push","SW_Cherry_MX_1.00u_PCB",68.852500,-114.780000,180.000000,top
"SW63","SW_Push","SW_Cherry_MX_1.00u_PCB",87.902500,-114.780000,180.000000,top
"SW64","SW_Push","SW_Cherry_MX_1.00u_PCB",106.952500,-114.780000,180.000000,top
"SW65","SW_Push","SW_Cherry_MX_1.00u_PCB",126.002500,-114.780000,180.000000,top
"SW66","SW_Push","SW_Cherry_MX_1.00u_PCB",145.052500,-114.780000,180.000000,top
"SW67","SW_Push","SW_Cherry_MX_1.00u_PCB",164.102500,-114.780000,180.000000,top
"SW68","SW_Push","SW_Cherry_MX_1.00u_PCB",183.152500,-114.780000,180.000000,top
"SW69","SW_Push","SW_Cherry_MX_1.00u_PCB",202.202500,-114.780000,180.000000,top
"SW70","SW_Push","SW_Cherry_MX_1.00u_PCB",221.252500,-114.780000,180.000000,top
"SW71","SW_Push","SW_Cherry_MX_1.00u_PCB",240.302500,-114.780000,180.000000,top
"SW72","SW_Push","SW_Cherry_MX_1.00u_PCB",266.496300,-114.780000,180.000000,top
"SW73","SW_Push","SW_Cherry_MX_1.00u_PCB",292.690000,-114.780000,180.000000,top
"SW74","SW_Push","SW_Cherry_MX_1.00u_PCB",311.740000,-114.780000,180.000000,top
"SW75","SW_Push","SW_Cherry_MX_1.00u_PCB",28.371300,-133.830000,180.000000,top
"SW76","SW_Push","SW_Cherry_MX_1.00u_PCB",52.183800,-133.830000,180.000000,top
"SW77","SW_Push","SW_Cherry_MX_1.00u_PCB",75.996300,-133.830000,180.000000,top
"SW78","SW_Push","SW_Cherry_MX_1.00u_PCB",147.433800,-133.830000,180.000000,top
"SW79","SW_Push","SW_Cherry_MX_1.00u_PCB",216.490000,-133.830000,180.000000,top
"SW80","SW_Push","SW_Cherry_MX_1.00u_PCB",235.540000,-133.830000,180.000000,top
"SW81","SW_Push","SW_Cherry_MX_1.00u_PCB",254.590000,-133.830000,180.000000,top
"SW82","SW_Push","SW_Cherry_MX_1.00u_PCB",273.640000,-133.830000,180.000000,top
"SW83","SW_Push","SW_Cherry_MX_1.00u_PCB",292.690000,-133.830000,180.000000,top
"SW84","SW_Push","SW_Cherry_MX_1.00u_PCB",311.740000,-133.830000,180.000000,top
